Adressbuch;Adreſſbuch
also;alſo
Arbeitsamt;Arbeitsamt
Aspekt;Aspekt
Assessor;Aſſeſſor
assimiliert;aſſimiliert
Ast;Aſt
aus;aus
Aussage;Ausſage
ausschließen;ausſchließen
Ausschuss;Ausſchuſs
Aussicht;Ausſicht
ausspielen;ausſpielen
austreiben;austreiben
Betriebssytem;Betriebsſystem
bisschen;biſschen
bißchen;bißchen
Bistum;Bistum
boshaft;boshaft
Bosheit;Bosheit
brüskieren;brüskieren
Bundestagssitzung;Bundestagsſitzung
Busch;Buſch
Butterstulle;Butterſtulle
dasselbe;dasſelbe
Dialyse;Dialyſe
Dienstag;Dienstag
Diensttag;Dienſttag
diese;dieſe
Diesseits;Diesſeits
disharmonisch;disharmoniſch
Diskussionsseite;Diskuſſionsſeite
Disposition;Dispoſition
Disput;Disput
dissonant;disſonant
Donnerstag;Donnerstag
Drechsler;Drechsler
Dresden;Dresden
Eisen;Eiſen
Essstörung;Eſsſtörung
dünsten;dünsten
dysfunktional;dysfunktional
einsam;einſam
Eislauf;Eislauf
erstaunen;erſtaunen
fassen;faſſen
Felsquellwasser;Felsquellwaſſer
fies;fies
finster;finſter
Flusssäuberung;Fluſsſäuberung
Genossenschaft;Genoſſenſchaft
Geschmackssache;Geſchmacksſache
Haus;Haus
Häuschen;Häuschen
Häuser;Häuſer
häuslich;häuslich
Herrschaft;Herrſchaft
hopsen;hopſen
ist;iſt
intereſſant;intereſſant
Jagdschloss;Jagdſchloſs
Kassette;Kaſſette
keinesfalls;keinesfalls
Knospe;Knoſpe
kosmisch;kosmiſch
Kosmos;Kosmos
Kreissparkasse;Kreisſparkaſſe
lassen;laſſen
lesbar;lesbar
lesbisch;lesbiſch
lesen;leſen
Liebesbrief;Liebesbrief
Liste;Liſte
Lust;Luſt
Maus;Maus
mauscheln;mauſcheln
Mäuschen;Mäuschen
Mäuslein;Mäuslein
Mesner;Mesner
Misanthrop;Miſanthrop
Missstand;Miſsſtand
Muslim;Muslim
müssen;müſſen
nachweisbar;nachweisbar
Namensstempel;Namensſtempel
Nationalismus;Nationalismus
passen;paſſen
Psyche;Pſyche
Rätsel;Rätſel
Realismus;Realismus
scheinbar;ſcheinbar
schlecht;ſchlecht
Schleswig-Holstein;Schleswig-Holſtein
schreien;ſchreien
seinem;ſeinem
Silbentrennungsalgorithmus;Silbentrennungsalgorithmus
skalieren;ſkalieren
sozial;ſozial
spielen;ſpielen
sukzessiv;ſukzeſſiv
Tagesschau;Tagesſchau
Tastatur;Tastatur
Transsexuellengesetz;Transſexuellengeſetz
transpirieren;tranſpirieren
Transport;Transport
transsibirisch;transſibiriſch
Transsylvannien;Transſylvannien
unsre;unſre
Untersuchungsergebnis;Unterſuchungsergebnis
vermisst;vermiſſt
versifft;verſifft
versus;verſus
Wachstum;Wachstum
Wasserlassen;Waſſerlaſſen
Wasserspülung;Waſſerſpülung
wechseln;wechſeln
Wechselstimmung;Wechſelſtimmung
Weisheit;Weisheit
Wespe;Weſpe
Wirtsstube;Wirtsſtube
wohlweislich;wohlweislich
Wunsch;Wunſch
Zeugnisse;Zeugniſſe
Zuchthäusler;Zuchthäusler
Zwangssparen;Zwangsſparen
